alternatives,voters,samples,zero_optimum_profiles,mean_medrank_normalized,mean_optimum_normalized,mean_profile_ratio,mean_profile_ratio_se,mean_profile_ratio_ci95_low,mean_profile_ratio_ci95_high,ratio_p50,ratio_p90,ratio_p95,ratio_p99,max_sampled_ratio,mean_normalized_gap,mean_normalized_gap_se,mean_normalized_gap_ci95_low,mean_normalized_gap_ci95_high
19,3,2500,0,0.24699216374269006,0.22182187134502926,1.1152586179822335,0.0007956137835768366,1.1136992149664229,1.116818020998044,1.1109785049910064,1.1690152619542762,1.1873647316983968,1.2228666752187805,1.2704626334519573,0.025170292397660818,0.00017419403786923256,0.024828872083437124,0.025511712711884512
19,4,2500,0,0.2900921052631579,0.2600774561403509,1.1158603597228953,0.0008785530802623878,1.114138395685581,1.1175823237602096,1.1110139800023688,1.1736245173745175,1.195657493439251,1.2396810085414203,1.329268292682927,0.03001464912280702,0.0002365133285625406,0.02955108299882444,0.0304782152467896
19,5,2500,0,0.3088018947368421,0.28507249122807016,1.0834999353291457,0.0006336648874609431,1.0822579521497222,1.0847419185085692,1.0806056091901337,1.1259865593723861,1.1402335860202164,1.1723956217558114,1.2205226258763544,0.02372940350877193,0.00018499866807531617,0.02336680611934431,0.024092000898199552
19,6,2500,0,0.3294173684210527,0.3042229824561404,1.0828203905555205,0.0006460098473746956,1.081554211254666,1.0840865698563749,1.0791031198239218,1.12576378025978,1.1395596903009801,1.167818270891679,1.2601797990481227,0.025194385964912278,0.00020346469300976507,0.02479559516661314,0.025593176763211416
19,7,2500,0,0.34230962406015036,0.32033904761904763,1.0684936536088,0.000532130574629136,1.067450677682527,1.0695366295350732,1.064991420858851,1.103333959586564,1.1156389471006734,1.1431274561619247,1.2141148325358853,0.021970576441102757,0.00017734763579561327,0.021622975074943356,0.022318177807262158
19,8,2500,0,0.35286162280701755,0.33097767543859646,1.0661040551350842,0.0005186585370122998,1.0650874844025402,1.0671206258676282,1.063070850050567,1.100671504728086,1.1123856605681424,1.1360676217295371,1.1675182481751825,0.021883947368421055,0.00017585424838022237,0.021539273041595818,0.02222862169524629
19,9,2500,0,0.3602707212475633,0.3403058479532164,1.0584614930721146,0.0004660190221873985,1.0575480957886272,1.059374890355602,1.055357918956433,1.0895437209514647,1.101294598893469,1.1256302689068953,1.179711017459362,0.01996487329434698,0.00016597293098433315,0.019639566349617686,0.02029018023907627
19,10,2500,0,0.3696480350877193,0.34948659649122804,1.0575874493044857,0.0004602188289460931,1.0566854203997513,1.05848947820922,1.0546827385893072,1.0878835515292604,1.1004600440042354,1.1236990436635443,1.1650280898876404,0.020161438596491228,0.00016602913117758775,0.019836021499383155,0.0204868556935993
19,11,2500,0,0.37481237639553433,0.35602417862838914,1.0526523566866437,0.00041327844184726857,1.051842330940623,1.0534623824326643,1.0499944208881946,1.0799633968379383,1.0910071375152228,1.1123614869710734,1.1408743927827898,0.018788197767145135,0.00015166985940188058,0.01849092484271745,0.01908547069157282
19,12,2500,0,0.3810592105263158,0.36248783625730996,1.0511276559384146,0.00041526350450321695,1.0503137394695883,1.051941572407241,1.0480173661081538,1.0790895567329124,1.0900838097016603,1.1095219360692898,1.1427402862985685,0.01857137426900585,0.00015454523789673025,0.01826846560272826,0.01887428293528344
19,13,2500,0,0.38517071524966257,0.36749989203778677,1.0479649481348274,0.0003924764408482359,1.047195694310765,1.0487342019588899,1.0451540085924416,1.0749618180433615,1.0848873262207046,1.1045820882707802,1.136745886654479,0.017670823211875842,0.00014899205386500387,0.017378798786300435,0.01796284763745125
19,14,2500,0,0.38914859649122807,0.3719541604010025,1.046131974353288,0.0003720360138624104,1.0454027837661177,1.0468611649404582,1.04367586699899,1.0707410081216557,1.080918954529641,1.0998758302514933,1.1259571808095015,0.017194436090225564,0.00014202448097537152,0.016916068107513834,0.017472804072937293
19,15,2500,0,0.3932094502923976,0.3767188304093567,1.0436621125035785,0.0003492730667285747,1.0429775372927905,1.0443466877143666,1.041735142426718,1.0667219925768399,1.0758045416989177,1.0947536148469308,1.1265087853323148,0.016490619883040934,0.00013535571191891708,0.016225322687679854,0.016755917078402013
19,16,2500,0,0.396254100877193,0.3800669298245614,1.0425067620963115,0.0003399324284865727,1.0418404945364779,1.0431730296561452,1.0402394275754516,1.0648981808564115,1.0734054552943109,1.092609899171501,1.1326973113616652,0.016187171052631576,0.0001325820247129646,0.015927310284194165,0.016447031821068988
19,17,2500,0,0.3997717853457172,0.38391517027863775,1.041218442158924,0.0003320838304955678,1.0405675578511526,1.0418693264666952,1.039248076879593,1.0631944139624896,1.0715881928979252,1.088688727755541,1.135152953586498,0.01585661506707946,0.00013067319799099089,0.01560049559901712,0.016112734535141802
19,18,2500,0,0.4027743664717349,0.3870414035087719,1.0405611948964348,0.0003307277420476553,1.0399129685220214,1.0412094212708483,1.0385829021010091,1.0627666431056138,1.0696113266634526,1.0862788911454335,1.1426100838100306,0.015732962962962962,0.00013097078459849346,0.015476260225149915,0.01598966570077601
19,19,2500,0,0.4064489381348107,0.3910459464450601,1.0392725568694219,0.00031864700758021616,1.0386480087345646,1.0398971050042791,1.0369645501195968,1.0606936211224385,1.0681161936737893,1.0839048201162695,1.1112000915227092,0.015402991689750695,0.00012821333188978406,0.01515169355924672,0.01565428982025467
19,20,2500,0,0.40823575438596493,0.3930904561403509,1.0384350128171391,0.00030852361342606054,1.037830306534824,1.0390397190994543,1.0366789521469382,1.0590153003898573,1.0661748593878755,1.0851314504710132,1.113296332046332,0.015145298245614038,0.0001244035450354929,0.014901467297344472,0.015389129193883603
19,21,2500,0,0.41072905597326653,0.39606614870509604,1.0369424001615364,0.00030276510031169144,1.0363489805649255,1.0375358197581472,1.0346107985663853,1.0575132328585533,1.0654030260877605,1.0818544141297408,1.1115047936640268,0.014662907268170426,0.00012286551081101954,0.014422090866980828,0.014903723669360025
19,22,2500,0,0.4134726794258373,0.3987229505582138,1.0369002612355638,0.0002973376319484954,1.0363174794769447,1.0374830429941828,1.0349950687070937,1.057333162185654,1.0645481634232685,1.077693250467095,1.112527985982673,0.014749728867623605,0.00012147005387105879,0.01451164756203633,0.01498781017321088
19,23,2500,0,0.4153630358504958,0.40089385202135774,1.0360216391951336,0.0002909832683415148,1.0354513119891842,1.036591966401083,1.034255835262286,1.054496396598084,1.0626633651522042,1.07743404367286,1.099052621705281,0.014469183829138064,0.00011892470034897443,0.014236091416454074,0.014702276241822054
19,24,2500,0,0.416956067251462,0.4028940935672515,1.0348134299288405,0.0002875624546825184,1.0342498075176627,1.0353770523400183,1.0329609322642008,1.054341054470141,1.0614990504789301,1.0758012754610171,1.110009822305563,0.014061973684210529,0.00011864100738570619,0.013829437309734545,0.014294510058686512
19,25,2500,0,0.4185437473684211,0.40447449824561404,1.0347183629148062,0.0002808038689030277,1.0341679873317562,1.0352687384978563,1.0328156363468621,1.0530301280894823,1.0610356958468798,1.0765571645536134,1.0967286835376069,0.014069249122807017,0.00011575140882929877,0.01384237636150159,0.014296121884112443
19,26,2500,0,0.419975991902834,0.406119338731444,1.0340371978492031,0.0002778669172041627,1.033492578691483,1.0345818170069232,1.0322012701293404,1.0527989063801155,1.0600389651660838,1.0726763222404707,1.102441740237016,0.013856653171390013,0.00011568803574269966,0.013629904621334323,0.014083401721445704
19,27,2500,0,0.4220342949967511,0.40835360623781675,1.0334349197239712,0.0002678584097658559,1.03290991724083,1.0339599222071123,1.0317843701454008,1.052058116993877,1.0577744738879489,1.0704504391788159,1.103799888472875,0.013680688758934372,0.00011152604020720297,0.013462097720128253,0.01389927979774049
19,28,2500,0,0.4237516290726817,0.410154022556391,1.0330979367292081,0.00026412601626405423,1.0325802497373306,1.0336156237210856,1.0311358415271692,1.05094403364724,1.0573450803494837,1.0687247395478365,1.1007659335254023,0.013597606516290727,0.00011010835867790995,0.013381794133282023,0.013813418899299431
19,29,2500,0,0.42446066545674527,0.4112820810647308,1.0319774786131437,0.0002634000372714047,1.0314612145400917,1.0324937426861958,1.0301593489410872,1.0492177875966806,1.0563238732668496,1.0710342679317828,1.1033928049137174,0.013178584392014516,0.00011037046882636258,0.012962258273114846,0.013394910510914187
19,30,2500,0,0.42584835087719297,0.412678081871345,1.0318602164338224,0.0002552133776648136,1.0313599982135995,1.0323604346540454,1.0301342092815728,1.0489011762517368,1.0553499012335386,1.068313987764003,1.1041322314049586,0.01317026900584795,0.00010728315467630254,0.012959994022682398,0.013380543989013503
19,31,2500,0,0.4271532767402377,0.414352688172043,1.0308349707655118,0.00025628375886429725,1.0303326545981377,1.0313372869328858,1.0289348902342208,1.0478578510734822,1.0545064411541023,1.0703193636502688,1.0961892619351183,0.01280058856819468,0.00010812418779873767,0.012588665160109154,0.013012511976280207
19,32,2500,0,0.4282709539473684,0.4155416228070175,1.0305731528527897,0.0002476573054609964,1.0300877445340861,1.0310585611714933,1.028830570307555,1.0474238260713988,1.0528479169420941,1.065482165147361,1.0926461345065996,0.012729331140350877,0.00010484396330715262,0.012523836972268857,0.012934825308432896
19,33,2500,0,0.4299533545986178,0.41735134502923976,1.0301248281451063,0.00024757230801637087,1.0296395864213943,1.0306100698688183,1.0285257031018011,1.045784799278522,1.0528925332335193,1.0665385258237172,1.115116208507798,0.01260200956937799,0.00010562083411476922,0.012394992734513043,0.012809026404242937
19,34,2500,0,0.4315580392156863,0.418815221878225,1.0303730897579502,0.00024495572511887883,1.029892976536717,1.0308532029791833,1.0288047484091782,1.0462973372803008,1.0528814673090248,1.065866277587202,1.093619059020711,0.0127428173374613,0.00010443104097907422,0.012538132497142316,0.012947502177780285
19,35,2500,0,0.43174851127819547,0.41923460651629074,1.0298067670348519,0.000246852338189628,1.0293229364520002,1.0302905976177035,1.0283961241172008,1.0458720108763495,1.0528342690792998,1.0648815424713658,1.0899167229349538,0.01251390476190476,0.0001047784071639907,0.012308539083863338,0.012719270439946183
19,36,2500,0,0.4330190838206628,0.4206668615984406,1.0293157103406416,0.0002362987968230579,1.0288525646988684,1.0297788559824148,1.0276837173156248,1.0452174419633624,1.0507778000106875,1.062740623927042,1.0922475791381165,0.012352222222222221,0.00010105211041923878,0.012154160085800513,0.012550284358643929
19,37,2500,0,0.43375326695116173,0.4216390990990991,1.02868015524965,0.00023667206899466762,1.0282162779944206,1.0291440325048795,1.0267895533886873,1.0439796035107294,1.0503224042579467,1.0637718068934725,1.0932688566505475,0.012114167852062591,0.0001012991999528,0.011915621420155103,0.012312714283970079
19,38,2500,0,0.43475495844875345,0.4226652908587258,1.0285622173509796,0.00023101356600116693,1.0281094307616174,1.0290150039403418,1.027184609538953,1.0439117867421424,1.0506581838688753,1.058863612488208,1.0877418663236318,0.0120896675900277,9.894731418936681e-05,0.011895730854216541,0.01228360432583886
19,39,2500,0,0.4359830499325236,0.423820089968511,1.0286626013920401,0.00023070391914799195,1.0282104217105101,1.0291147810735701,1.0273210091612301,1.0442906620059664,1.0491587032194643,1.060839386192914,1.0847099604614634,0.012162959964012595,9.902049219418752e-05,0.011968879799311986,0.012357040128713203
19,40,2500,0,0.4367964473684211,0.42492704385964913,1.027886970389849,0.00022926448097860858,1.027437612007131,1.028336328772567,1.0264089725734218,1.0432853254688246,1.0488369410179614,1.0597612525144156,1.0887502515596699,0.01186940350877193,9.878951001087875e-05,0.011675776069150608,0.012063030948393252
19,41,2500,0,0.4372898673513051,0.42548224219084296,1.0277140258318398,0.0002227871106186443,1.0272773630950272,1.0281506885686524,1.026451939041893,1.0426411024053885,1.0478649029586389,1.0590200726884011,1.0843622411333562,0.01180762516046213,9.600004271066092e-05,0.011619465076749234,0.011995785244175026
19,42,2500,0,0.43839922305764417,0.4265674269005848,1.0276893900207547,0.0002269679159748565,1.027244532905444,1.0281342471360653,1.02648274666712,1.0424249099877663,1.0484493108642368,1.0614890150572924,1.0749509803921569,0.011831796157059316,9.840102773263204e-05,0.011638930142703357,0.012024662171415275
19,43,2500,0,0.43907480212158306,0.4272836474908201,1.0275406842271442,0.00022916708018268602,1.027091516749986,1.0279898517043022,1.0259291200735345,1.0430674186349878,1.0494055355389538,1.0599304723236738,1.0922162576687116,0.011791154630762956,9.958536807544781e-05,0.011595967309335077,0.011986341952190834
19,44,2500,0,0.43998436204146735,0.4284908054226475,1.0267768200882166,0.00022008453302271237,1.026345454403492,1.0272081857729412,1.0248559404076032,1.0416436908002664,1.0474738412288045,1.057451147333821,1.0827759963353183,0.011493556618819777,9.582962843744043e-05,0.011305730547082393,0.01168138269055716
19,45,2500,0,0.4403741286549708,0.42873595321637425,1.0270977449217467,0.00022217309456310384,1.026662285656403,1.0275332041870904,1.0254379935709186,1.0421323219563363,1.0475963606630627,1.0612504233069897,1.0867836459503846,0.011638175438596491,9.692159482426779e-05,0.011448209112740927,0.011828141764452056
19,46,2500,0,0.4412708009153318,0.4297220213577422,1.0268281752529638,0.00022108005745466257,1.0263948583403526,1.027261492165575,1.0252187523905354,1.0415861202455217,1.0470099919812745,1.0586354132829046,1.0764749358723533,0.011548779557589626,9.638647192417045e-05,0.011359862072618252,0.011737697042561
19,47,2500,0,0.441722224710713,0.43051658827920863,1.0259905649631789,0.00021174136894550616,1.0255755518800456,1.0264055780463122,1.0245150405407735,1.0398801994056923,1.0448333802795131,1.0568851400620913,1.079850591409006,0.011205636431504292,9.239234020672987e-05,0.011024547444699101,0.011386725418309483
19,48,2500,0,0.442276798245614,0.43091205409356725,1.0263273590981472,0.00021430841131794284,1.025907314611964,1.0267474035843305,1.0249941398585876,1.041215575925915,1.0461624674450278,1.0568292473444585,1.0910647771546003,0.011364744152046784,9.360147235563218e-05,0.011181285266229746,0.011548203037863823
19,49,2500,0,0.44308105979233803,0.43182605084138914,1.026022834656477,0.00021382368964304794,1.0256037402247766,1.0264419290881774,1.024393295352946,1.04007378972363,1.0458342667490825,1.0583228067234247,1.082728415588629,0.011255008950948801,9.362942974196386e-05,0.011071495268654552,0.01143852263324305
19,50,2500,0,0.4435072210526316,0.4322844140350877,1.025914046824679,0.00021573795007421605,1.0254912004425336,1.0263368932068244,1.024500316755691,1.0404642941045688,1.045165758885071,1.0572320582911803,1.0841714559386972,0.011222807017543858,9.470381547281574e-05,0.01103718753921714,0.011408426495870577
