alternatives,total_profiles,mean_profile_ratio_all_voters,min_mean_profile_ratio,max_mean_profile_ratio,overall_ratio_p95,overall_ratio_p99,max_sampled_ratio,largest_example_voters
10,120000,1.048020686206646,1.0361964071262775,1.108109519174578,1.1123291793187782,1.172078073089701,1.446969696969697,4
11,120000,1.0466150113039185,1.0343312872807322,1.1097564844962402,1.108109088769466,1.1666666666666667,1.4135021097046414,4
12,120000,1.0453425695750573,1.032398540200966,1.1110003546073508,1.1049723756906078,1.1623376623376624,1.423913043478261,3
13,120000,1.0445400352509364,1.0307118049903154,1.1118759559781244,1.1026051822573562,1.159033078880407,1.3793103448275863,3
14,120000,1.0437493945393919,1.0292749563762973,1.1127961483887787,1.1011048207857586,1.1574808542767767,1.3820754716981132,4
15,120000,1.0431652009088346,1.0283301838036423,1.114080606112228,1.1,1.1552288171586322,1.3576923076923078,4
16,120000,1.042622807415107,1.0274977572098682,1.1141481524953725,1.098676572279118,1.1514566038806575,1.3428571428571427,4
17,120000,1.0422050216277743,1.0268558429945824,1.1138429285431666,1.0977496161117035,1.1514745784221965,1.3140147523709167,4
18,120000,1.0419883593372201,1.0262979156327114,1.1168811975764863,1.0973057914022701,1.1505580687060508,1.368421052631579,4
19,120000,1.0416280192315628,1.025914046824679,1.1158603597228953,1.0971285737055279,1.1490515571003377,1.329268292682927,4
20,120000,1.041295393138093,1.0255369911212808,1.1156095389179317,1.0958374494346854,1.1467991308466352,1.3192660550458715,3
