voters,samples,zero_optimum_profiles,mean_medrank_normalized,mean_optimum_normalized,mean_profile_ratio,max_sampled_ratio
3,2500,0,0.2573066666666667,0.2386,1.0812553696228242,1.625
4,2500,0,0.30252500000000004,0.275325,1.100467187787206,1.7894736842105263
5,2500,0,0.320844,0.297844,1.0775819538390312,1.5
6,2500,0,0.34262000000000004,0.3164433333333333,1.0828884176454958,1.5666666666666667
7,2500,0,0.35652285714285714,0.33222285714285715,1.0732831872241015,1.528301886792453
8,2500,0,0.3690275,0.3426675,1.0767788468858852,1.4406779661016949
9,2500,0,0.3768111111111111,0.3511933333333333,1.0728488272576637,1.5303030303030303
10,2500,0,0.38391,0.357928,1.0724244036013664,1.543859649122807
11,2500,0,0.38994545454545454,0.36553272727272723,1.066622329415163,1.5
12,2500,0,0.3978716666666667,0.3715866666666667,1.070550857483302,1.511111111111111
13,2500,0,0.40255846153846153,0.3756307692307692,1.0712988453541226,1.5806451612903225
14,2500,0,0.40563000000000005,0.3789942857142857,1.069862904808885,1.490909090909091
15,2500,0,0.411448,0.384712,1.0689811344909133,1.5892857142857142
16,2500,0,0.41384875,0.38677125,1.0699925729459083,1.5068493150684932
17,2500,0,0.41893882352941175,0.3916517647058823,1.069295838277634,1.4923076923076923
18,2500,0,0.42254777777777774,0.3951266666666667,1.0689946365180798,1.4525547445255473
19,2500,0,0.4260852631578947,0.3978,1.070537548299174,1.5036496350364963
20,2500,0,0.427581,0.399657,1.0695484916932536,1.5096774193548388
21,2500,0,0.43017904761904757,0.4016590476190476,1.0705660621362363,1.4378698224852071
22,2500,0,0.43440636363636365,0.4059054545454545,1.0697536584101486,1.4606741573033708
23,2500,0,0.4360008695652174,0.40674260869565215,1.071569504177999,1.4444444444444444
24,2500,0,0.43865583333333336,0.4090216666666667,1.0720595705842424,1.4973262032085561
25,2500,0,0.4408824,0.41050400000000004,1.073457392520536,1.5380710659898478
26,2500,0,0.44200230769230764,0.41172923076923074,1.0729935255993241,1.4880382775119618
27,2500,0,0.4437859259259259,0.41442074074074076,1.0704386701442619,1.4880382775119618
28,2500,0,0.44651928571428573,0.4155628571428572,1.0741242334545207,1.4844444444444445
29,2500,0,0.4480137931034483,0.41756827586206896,1.0724383645631843,1.5
30,2500,0,0.44968933333333333,0.41870666666666667,1.0737238153756217,1.4528301886792452
31,2500,0,0.45119483870967736,0.4201232258064516,1.0734511732076395,1.380392156862745
32,2500,0,0.45335375000000006,0.421285,1.0757293581668939,1.360323886639676
33,2500,0,0.4546715151515151,0.4221272727272727,1.0767549927961344,1.4708171206225682
34,2500,0,0.4545829411764706,0.42322764705882354,1.0739477081108875,1.4191176470588236
35,2500,0,0.4580108571428571,0.4250285714285714,1.0773524287210015,1.460431654676259
36,2500,0,0.4570872222222222,0.42522888888888893,1.0746829654883623,1.4417808219178083
37,2500,0,0.46049351351351353,0.42712216216216214,1.0779873836360454,1.4894366197183098
38,2500,0,0.4610784210526316,0.42789684210526313,1.0773612551298641,1.509933774834437
39,2500,0,0.4604405128205128,0.4276441025641026,1.0764032937409105,1.4696485623003195
40,2500,0,0.461412,0.42911900000000003,1.0751145326515,1.4858934169278997
41,2500,0,0.4642,0.4302570731707317,1.0788634972893876,1.4328358208955223
42,2500,0,0.4641352380952381,0.43123857142857147,1.0760955294055505,1.4497041420118344
43,2500,0,0.4664432558139535,0.43225767441860463,1.0789140697839426,1.4293785310734464
44,2500,0,0.4670186363636364,0.43288,1.0788558456949093,1.4109589041095891
45,2500,0,0.46675422222222224,0.4329462222222222,1.0780473533349042,1.497191011235955
46,2500,0,0.4681995652173913,0.43455173913043477,1.0774525143472584,1.3888888888888888
47,2500,0,0.46977489361702124,0.4349855319148936,1.079925170710779,1.4775725593667546
48,2500,0,0.47097374999999997,0.43562958333333335,1.0810725132648107,1.4510309278350515
49,2500,0,0.47164367346938774,0.43651959183673467,1.0804978767952356,1.435
50,2500,0,0.47098,0.437132,1.077437024795917,1.3662650602409638
